branch_id,ingredient_id,quantity
BRANCH_01,ING01,6.1
BRANCH_01,ING02,46.9
BRANCH_01,ING03,8.4
BRANCH_01,ING04,16.1
BRANCH_01,ING05,8.7
BRANCH_01,ING06,3.7
BRANCH_01,ING07,13.3
BRANCH_01,ING08,21.3
BRANCH_01,ING09,4.5
BRANCH_01,ING10,6.3
BRANCH_01,ING11,6.7
BRANCH_01,ING12,26.6
BRANCH_01,ING13,3.9
BRANCH_01,ING14,4.0
BRANCH_01,ING15,3.0
BRANCH_01,ING16,32.3
BRANCH_01,ING17,5.5
BRANCH_01,ING18,5.3
BRANCH_01,ING19,11.7
BRANCH_01,ING20,14.6
BRANCH_01,ING21,10.7
BRANCH_01,ING22,114.0
BRANCH_01,ING23,5.5
BRANCH_01,ING24,9.1
BRANCH_01,ING25,5.8
BRANCH_01,ING26,37.5
BRANCH_01,ING27,16.9
BRANCH_01,ING28,16.3
BRANCH_01,ING29,12.0
BRANCH_01,ING30,4.0
BRANCH_01,ING31,13.7
BRANCH_01,ING32,11.9
BRANCH_01,ING33,9.2
BRANCH_01,ING34,11.5
BRANCH_01,ING35,13.1
BRANCH_02,ING01,12.0
BRANCH_02,ING02,39.5
BRANCH_02,ING03,8.6
BRANCH_02,ING04,15.5
BRANCH_02,ING05,6.3
BRANCH_02,ING06,2.8
BRANCH_02,ING07,17.3
BRANCH_02,ING08,19.2
BRANCH_02,ING09,6.5
BRANCH_02,ING10,5.0
BRANCH_02,ING11,9.7
BRANCH_02,ING12,32.9
BRANCH_02,ING13,6.9
BRANCH_02,ING14,5.1
BRANCH_02,ING15,4.9
BRANCH_02,ING16,28.4
BRANCH_02,ING17,6.2
BRANCH_02,ING18,6.8
BRANCH_02,ING19,13.7
BRANCH_02,ING20,9.1
BRANCH_02,ING21,10.2
BRANCH_02,ING22,74.5
BRANCH_02,ING23,8.2
BRANCH_02,ING24,9.7
BRANCH_02,ING25,10.0
BRANCH_02,ING26,46.8
BRANCH_02,ING27,19.5
BRANCH_02,ING28,12.4
BRANCH_02,ING29,19.9
BRANCH_02,ING30,2.9
BRANCH_02,ING31,16.0
BRANCH_02,ING32,9.5
BRANCH_02,ING33,7.6
BRANCH_02,ING34,18.4
BRANCH_02,ING35,21.0
BRANCH_03,ING01,10.9
BRANCH_03,ING02,46.7
BRANCH_03,ING03,6.8
BRANCH_03,ING04,19.5
BRANCH_03,ING05,7.2
BRANCH_03,ING06,1.9
BRANCH_03,ING07,19.8
BRANCH_03,ING08,21.3
BRANCH_03,ING09,6.0
BRANCH_03,ING10,5.9
BRANCH_03,ING11,10.0
BRANCH_03,ING12,27.9
BRANCH_03,ING13,6.7
BRANCH_03,ING14,2.5
BRANCH_03,ING15,7.0
BRANCH_03,ING16,18.6
BRANCH_03,ING17,6.7
BRANCH_03,ING18,4.0
BRANCH_03,ING19,18.6
BRANCH_03,ING20,11.4
BRANCH_03,ING21,12.5
BRANCH_03,ING22,76.1
BRANCH_03,ING23,5.9
BRANCH_03,ING24,9.5
BRANCH_03,ING25,5.4
BRANCH_03,ING26,34.5
BRANCH_03,ING27,18.1
BRANCH_03,ING28,24.3
BRANCH_03,ING29,21.1
BRANCH_03,ING30,3.2
BRANCH_03,ING31,18.0
BRANCH_03,ING32,14.4
BRANCH_03,ING33,6.9
BRANCH_03,ING34,15.7
BRANCH_03,ING35,23.6
